<application>
  <component name="com.intellij.ide.ui.customization.CustomActionsSchema">
    <group value="Tool_External Tools_Groovy Runner" is_action="true" action_type="1" position="10">
      <path value="root" />
      <path value="Navigation Bar Toolbar" />
      <option name="myInitialPosition" value="-1" />
    </group>
    <group value="Tool_External Tools_Impex Importer" is_action="true" action_type="1" position="11">
      <path value="root" />
      <path value="Navigation Bar Toolbar" />
      <option name="myInitialPosition" value="-1" />
    </group>
    <group value="Tool_External Tools_Testing" is_action="true" action_type="1" position="12">
      <path value="root" />
      <path value="Navigation Bar Toolbar" />
      <option name="myInitialPosition" value="-1" />
    </group>
    <group value="Tool_External Tools_Logging" is_action="true" action_type="1" position="13">
      <path value="root" />
      <path value="Navigation Bar Toolbar" />
      <option name="myInitialPosition" value="-1" />
    </group>
    <action id="Tool_External Tools_Logging" icon="$USER_HOME$/automation/.assets/log4j.png" />
    <action id="Tool_External Tools_Testing" icon="$USER_HOME$/automation/.assets/junit-logo.png" />
    <action id="Tool_External Tools_Impex Importer" icon="$USER_HOME$/automation/.assets/import-icon_4.png" />
    <action id="Tool_External Tools_Groovy Runner" icon="$USER_HOME$/automation/.assets/groovy_94673.png" />
  </component>
</application>