<toolSet name="External Tools">
  <tool name="Groovy Runner" description="Run a groovy script in Hac" showInMainMenu="false" showInEditor="false" showInProject="false" showInSearchPopup="false" disabled="false" useConsole="true" showConsoleOnStdOut="false" showConsoleOnStdErr="false" synchronizeAfterRun="false">
    <exec>
      <option name="COMMAND" value="$USER_HOME$/automation/gradlew" />
      <option name="PARAMETERS" value="-DgroovyScript=$FilePath$ runScript" />
      <option name="WORKING_DIRECTORY" value="$USER_HOME$/automation" />
    </exec>
  </tool>
  <tool name="Impex Importer" description="Import Impex" showInMainMenu="false" showInEditor="false" showInProject="false" showInSearchPopup="false" disabled="false" useConsole="false" showConsoleOnStdOut="false" showConsoleOnStdErr="false" synchronizeAfterRun="false">
    <exec>
      <option name="COMMAND" value="$USER_HOME$/automation/gradlew" />
      <option name="PARAMETERS" value="-Dimpex=$FilePath$ importImpex" />
      <option name="WORKING_DIRECTORY" value="$USER_HOME$/automation" />
    </exec>
  </tool>
  <tool name="Logging" description="Enable logging for a class" showInMainMenu="false" showInEditor="false" showInProject="false" showInSearchPopup="false" disabled="false" useConsole="false" showConsoleOnStdOut="false" showConsoleOnStdErr="false" synchronizeAfterRun="false">
    <exec>
      <option name="COMMAND" value="$USER_HOME$/automation/gradlew" />
      <option name="PARAMETERS" value="-DclassName=$FileClass$ logEnable" />
      <option name="WORKING_DIRECTORY" value="$USER_HOME$/automation" />
    </exec>
  </tool>
  <tool name="Testing" description="Run tests for a class" showInMainMenu="false" showInEditor="false" showInProject="false" showInSearchPopup="false" disabled="false" useConsole="true" showConsoleOnStdOut="false" showConsoleOnStdErr="false" synchronizeAfterRun="false">
    <exec>
      <option name="COMMAND" value="$USER_HOME$/automation/gradlew" />
      <option name="PARAMETERS" value="-DclassName=$FileClass$ testClass" />
      <option name="WORKING_DIRECTORY" value="$USER_HOME$/automation" />
    </exec>
  </tool>
</toolSet>